Type,Processes,TotalTime,ComputeTime,CommTime,Efficiency
Serial,1,0.12128853797912598,0.12128853797912598,0,1.0
Distributed,1,0.02167487144470215,0.014470338821411133,0.0071980953216552734,5.595813487916754
Distributed,2,0.07464861869812012,0.008789300918579102,0.06585264205932617,0.8123963985831957
Distributed,3,0.1067054271697998,0.006357431411743164,0.10034012794494629,0.37888900060700176
