Type,Processes,TotalTime,ComputeTime,CommTime,Efficiency
Serial,1,0.1138603687286377,0.1138603687286377,0,1.0
Distributed,1,0.01563858985900879,0.009952545166015625,0.005680084228515625,7.28073117558276
Distributed,2,0.05170083045959473,0.005345821380615234,0.04634881019592285,1.1011464198589802
