Type,Processes,TotalTime,ComputeTime,CommTime,Efficiency
Serial,1,0.12167882919311523,0.12167882919311523,0,1.0
Distributed,1,0.021828889846801758,0.01450967788696289,0.007313251495361328,5.574210601046342
Distributed,2,0.0671377182006836,0.009346723556518555,0.05778360366821289,0.9061882981292347
